
statement ok
CREATE TABLE foo (a DECIMAL(18,5));

statement ok
INSERT INTO foo VALUES(3.144);

statement ok
INSERT INTO foo VALUES(3243243243.144);

statement ok
CREATE TABLE foo2 (a DECIMAL(18,5));

statement ok
INSERT INTO foo2 VALUES(3.144);

statement ok
INSERT INTO foo2 VALUES(3243243243.144);

query R rowsort
SELECT * FROM foo;
----
3.14400
3243243243.14400

query R rowsort
SELECT * FROM foo WHERE a >= 3.144;
----
3.14400
3243243243.14400

query R rowsort
SELECT * FROM foo WHERE a = 3.144;
----
3.14400

query R rowsort
SELECT * FROM foo WHERE a <= 3.14;
----

query R rowsort
SELECT a*2.2312 FROM foo;
----
7.01489
7236324324.10289

query R rowsort
SELECT 2.2312*a FROM foo;
----
7.01489
7236324324.10289

query R rowsort
SELECT 2.2312*a*a FROM foo;
----
22.05481
23469159969345270731.94308

query R rowsort
SELECT 2.2312*a*2.2312 FROM foo;
----
15.65162
16145686831.93836

query R rowsort
SELECT a/2.31231 FROM foo;
----
1.35967
1402598805.15328

query R rowsort
SELECT (a*2.31231)/a FROM foo;
----
2.31230
2.31230

query R rowsort
SELECT a+a FROM foo;
----
6.28800
6486486486.28800

query R rowsort
SELECT a/a FROM foo;
----
1.00000
1.00000

query R rowsort
SELECT a*a FROM foo;
----
10518626734199211103.00473
9.88473

query R rowsort
SELECT a + 2.324 FROM foo;
----
3243243245.46800
5.46800

query R rowsort
SELECT a / 2.324 FROM foo;
----
1.35283
1395543564.17555

query R rowsort
SELECT a * 2.324 FROM foo;
----
7.30665
7537297297.06665

query R rowsort
SELECT (a + 2.32432)/123.12321 - 12312.213 FROM foo;
----
-12312.16859
26329132.63292

query RR rowsort
SELECT * FROM foo, foo2 WHERE foo.a = foo2.a;
----
3.14400
3.14400
3243243243.14400
3243243243.14400

statement ok
CREATE TABLE foo3 (a DECIMAL(18,5), b DECIMAL(18,5));

statement ok
INSERT INTO foo3 VALUES(3.123, 213.324);

statement ok
INSERT INTO foo3 VALUES(6.123, 213.324);

statement ok
INSERT INTO foo3 VALUES(3.123, 213.3245);

statement ok
INSERT INTO foo3 VALUES(6.123, 213.3245);

query R rowsort
SELECT max(a*b) FROM foo3 group by b;
----
1306.18285
1306.18591

query RRR rowsort
SELECT sum(a*b), min(a*b), max(a*b) FROM foo3 group by b;
----
1972.39370
666.21085
1306.18285
1972.39832
666.21241
1306.18591
