statement ok
DROP TABLE IF EXISTS studentTable

statement ok
CREATE TABLE studentTable (id INT PRIMARY KEY, name VARCHAR(256), age INT NOT NULL, gpa FLOAT NOT NULL)

statement ok
INSERT INTO studentTable VALUES (0, 'Bob', 18, 3.5)

statement ok
INSERT INTO studentTable VALUES (1, 'Bob', 18, 3.5)

statement ok
INSERT INTO studentTable VALUES (2, 'Bob', 18, 3.5)

statement ok
INSERT INTO studentTable VALUES (3, 'Bob', 18, 3.5)

statement ok
INSERT INTO studentTable VALUES (4, 'Bob', 18, 3.5)

statement ok
INSERT INTO studentTable VALUES (5, 'Bob', 18, 3.5)

statement ok
INSERT INTO studentTable VALUES (6, 'Bob', 18, 3.5)

statement ok
INSERT INTO studentTable VALUES (7, 'Bob', 18, 3.5)

statement ok
INSERT INTO studentTable VALUES (8, 'Bob', 18, 3.5)

statement ok
INSERT INTO studentTable VALUES (9, 'Bob', 18, 3.5)

statement ok
INSERT INTO studentTable VALUES (10, 'Billy', 19, 3.3)

statement ok
INSERT INTO studentTable VALUES (11, 'Billy', 19, 3.3)

statement ok
INSERT INTO studentTable VALUES (12, 'Billy', 19, 3.3)

statement ok
INSERT INTO studentTable VALUES (13, 'Billy', 19, 3.3)

statement ok
INSERT INTO studentTable VALUES (14, 'Billy', 19, 3.3)

statement ok
INSERT INTO studentTable VALUES (15, 'Billy', 19, 3.3)

statement ok
INSERT INTO studentTable VALUES (16, 'Billy', 19, 3.3)

statement ok
INSERT INTO studentTable VALUES (17, 'Billy', 19, 3.3)

statement ok
INSERT INTO studentTable VALUES (18, 'Billy', 19, 3.3)

statement ok
INSERT INTO studentTable VALUES (19, 'Billy', 19, 3.3)

statement ok
INSERT INTO studentTable VALUES (20, 'John', 20, 4.0)

statement ok
INSERT INTO studentTable VALUES (21, 'John', 20, 4.0)

statement ok
INSERT INTO studentTable VALUES (22, 'John', 20, 4.0)

statement ok
INSERT INTO studentTable VALUES (23, 'John', 20, 4.0)

statement ok
INSERT INTO studentTable VALUES (24, 'John', 20, 4.0)

statement ok
INSERT INTO studentTable VALUES (25, 'John', 20, 4.0)

statement ok
INSERT INTO studentTable VALUES (26, 'John', 20, 4.0)

statement ok
INSERT INTO studentTable VALUES (27, 'John', 20, 4.0)

statement ok
INSERT INTO studentTable VALUES (28, 'John', 20, 4.0)

statement ok
INSERT INTO studentTable VALUES (29, 'John', 20, 4.0)

statement ok
INSERT INTO studentTable VALUES (30, 'Bob', 18, 3.5)

statement ok
INSERT INTO studentTable VALUES (31, 'Bob', 18, 3.5)

statement ok
INSERT INTO studentTable VALUES (32, 'Bob', 18, 3.5)

statement ok
INSERT INTO studentTable VALUES (33, 'Bob', 18, 3.5)

statement ok
INSERT INTO studentTable VALUES (34, 'Bob', 18, 3.5)

statement ok
INSERT INTO studentTable VALUES (35, 'Bob', 18, 3.5)

statement ok
INSERT INTO studentTable VALUES (36, 'Bob', 18, 3.5)

statement ok
INSERT INTO studentTable VALUES (37, 'Bob', 18, 3.5)

statement ok
INSERT INTO studentTable VALUES (38, 'Bob', 18, 3.5)

statement ok
INSERT INTO studentTable VALUES (39, 'Bob', 18, 3.5)

statement ok
INSERT INTO studentTable VALUES (40, 'Billy', 21, 3.7)

statement ok
INSERT INTO studentTable VALUES (41, 'Billy', 21, 3.7)

statement ok
INSERT INTO studentTable VALUES (42, 'Billy', 21, 3.7)

statement ok
INSERT INTO studentTable VALUES (43, 'Billy', 21, 3.7)

statement ok
INSERT INTO studentTable VALUES (44, 'Billy', 21, 3.7)

statement ok
INSERT INTO studentTable VALUES (45, 'Billy', 21, 3.7)

statement ok
INSERT INTO studentTable VALUES (46, 'Billy', 21, 3.7)

statement ok
INSERT INTO studentTable VALUES (47, 'Billy', 21, 3.7)

statement ok
INSERT INTO studentTable VALUES (48, 'Billy', 21, 3.7)

statement ok
INSERT INTO studentTable VALUES (49, 'Billy', 21, 3.7)

statement ok
INSERT INTO studentTable VALUES (50, 'Billy', 21, 3.7)

statement ok
INSERT INTO studentTable VALUES (51, 'Billy', 21, 3.7)

statement ok
INSERT INTO studentTable VALUES (52, 'Billy', 21, 3.7)

statement ok
INSERT INTO studentTable VALUES (53, 'Billy', 21, 3.7)

statement ok
INSERT INTO studentTable VALUES (54, 'Billy', 21, 3.7)

statement ok
INSERT INTO studentTable VALUES (55, 'Billy', 21, 3.7)

statement ok
INSERT INTO studentTable VALUES (56, 'Billy', 21, 3.7)

statement ok
INSERT INTO studentTable VALUES (57, 'Billy', 21, 3.7)

statement ok
INSERT INTO studentTable VALUES (58, 'Billy', 21, 3.7)

statement ok
INSERT INTO studentTable VALUES (59, 'Billy', 21, 3.7)

statement ok
INSERT INTO studentTable VALUES (60, 'Will', 20, 3.7)

statement ok
INSERT INTO studentTable VALUES (61, 'Will', 20, 3.7)

statement ok
INSERT INTO studentTable VALUES (62, 'Will', 20, 3.7)

statement ok
INSERT INTO studentTable VALUES (63, 'Will', 20, 3.7)

statement ok
INSERT INTO studentTable VALUES (64, 'Will', 20, 3.7)

statement ok
INSERT INTO studentTable VALUES (65, 'Will', 20, 3.7)

statement ok
INSERT INTO studentTable VALUES (66, 'Will', 20, 3.7)

statement ok
INSERT INTO studentTable VALUES (67, 'Will', 20, 3.7)

statement ok
INSERT INTO studentTable VALUES (68, 'Will', 20, 3.7)

statement ok
INSERT INTO studentTable VALUES (69, 'Will', 20, 3.7)

statement ok
INSERT INTO studentTable VALUES (70, 'Will', 20, 3.7)

statement ok
INSERT INTO studentTable VALUES (71, 'Will', 20, 3.7)

statement ok
INSERT INTO studentTable VALUES (72, 'Will', 20, 3.7)

statement ok
INSERT INTO studentTable VALUES (73, 'Will', 20, 3.7)

statement ok
INSERT INTO studentTable VALUES (74, 'Will', 20, 3.7)

statement ok
INSERT INTO studentTable VALUES (75, 'Will', 20, 3.7)

statement ok
INSERT INTO studentTable VALUES (76, 'Will', 20, 3.7)

statement ok
INSERT INTO studentTable VALUES (77, 'Will', 20, 3.7)

statement ok
INSERT INTO studentTable VALUES (78, 'Will', 20, 3.7)

statement ok
INSERT INTO studentTable VALUES (79, 'Will', 20, 3.7)

statement ok
INSERT INTO studentTable VALUES (80, 'Kanye', 17, 3.7)

statement ok
INSERT INTO studentTable VALUES (81, 'Kanye', 17, 3.7)

statement ok
INSERT INTO studentTable VALUES (82, 'Kanye', 17, 3.7)

statement ok
INSERT INTO studentTable VALUES (83, 'Kanye', 17, 3.7)

statement ok
INSERT INTO studentTable VALUES (84, 'Kanye', 17, 3.7)

statement ok
INSERT INTO studentTable VALUES (85, 'Kanye', 17, 3.7)

statement ok
INSERT INTO studentTable VALUES (86, 'Kanye', 17, 3.7)

statement ok
INSERT INTO studentTable VALUES (87, 'Kanye', 17, 3.7)

statement ok
INSERT INTO studentTable VALUES (88, 'Kanye', 17, 3.7)

statement ok
INSERT INTO studentTable VALUES (89, 'Kanye', 17, 3.7)

statement ok
INSERT INTO studentTable VALUES (90, 'Kanye', 17, 3.7)

statement ok
INSERT INTO studentTable VALUES (91, 'Kanye', 17, 3.7)

statement ok
INSERT INTO studentTable VALUES (92, 'Kanye', 17, 3.7)

statement ok
INSERT INTO studentTable VALUES (93, 'Kanye', 17, 3.7)

statement ok
INSERT INTO studentTable VALUES (94, 'Kanye', 17, 3.7)

statement ok
INSERT INTO studentTable VALUES (95, 'Kanye', 17, 3.7)

statement ok
INSERT INTO studentTable VALUES (96, 'Kanye', 17, 3.7)

statement ok
INSERT INTO studentTable VALUES (97, 'Kanye', 17, 3.7)

statement ok
INSERT INTO studentTable VALUES (98, 'Kanye', 17, 3.7)

statement ok
INSERT INTO studentTable VALUES (99, 'Kanye', 17, 3.7)

query I nosort
SELECT COUNT(DISTINCT name) as distinctNameCount from studentTable
----
1 values hashing to 1dcca23355272056f04fe8bf20edfce0

query I nosort
SELECT COUNT(DISTINCT age) as distinctAgeCount from studentTable
----
1 values hashing to 1dcca23355272056f04fe8bf20edfce0

query I nosort
SELECT COUNT(DISTINCT gpa) as distinctGpaCount from studentTable
----
1 values hashing to 48a24b70a0b376535542b996af517398

query II nosort
SELECT COUNT(DISTINCT age) as distinctAgeCount, COUNT(DISTINCT gpa) as distinctGpaCount from studentTable
----
2 values hashing to 546cdde319a1f43078d089021e84a532

query II nosort
SELECT COUNT(DISTINCT name) as distinctNameCount, COUNT(DISTINCT gpa) as distinctGpaCount from studentTable
----
2 values hashing to 546cdde319a1f43078d089021e84a532

query II nosort
SELECT COUNT(DISTINCT name) as distinctNameCount, COUNT(DISTINCT age) as distinctAgeCount from studentTable
----
2 values hashing to a56776f01f8ab14d7d037bf1ccb399cd

query IIRI nosort
SELECT COUNT(DISTINCT name) as distinctNameCount, COUNT(name) as nameCount, MIN(gpa) as minGpa, MAX(age) as maxAge from studentTable
----
4 values hashing to 99213c4be9a187a0e49dad4be69a699b

query RI nosort
SELECT MAX(DISTINCT gpa) as distinctGpaMax, MIN(DISTINCT age) as distinctAgeMin from studentTable
----
2 values hashing to 9ec0415f9835d73bff09fb65b39f8b3b

query RR nosort
SELECT AVG(DISTINCT gpa) as distinctGpaAvg, AVG(DISTINCT age) as distinctAgeAvg from studentTable
----
2 values hashing to fb723c097a70a4368ff2de46bcb0f28d

query RRI nosort
SELECT SUM(DISTINCT gpa) as distinctGpaSum, SUM(gpa) as gpaSum, SUM(DISTINCT age) as distinctAgeSum from studentTable
----
3 values hashing to 12ddf427fa723780c7c7550064e7eb26

query II nosort
SELECT COUNT(DISTINCT name) as distinctNameCount, COUNT(name) as nameCount from studentTable GROUP BY gpa
----
8 values hashing to d9ad7d057a46a9c258702e150ce1d346

query RR nosort
SELECT AVG(DISTINCT AGE) as distinctAgeAvg, AVG(DISTINCT gpa) as distinctGpaAvg from studentTable GROUP BY name
----
10 values hashing to 353b5af4dc97b73a1ae6eb90f68fbb0f

query RRI nosort
SELECT AVG(DISTINCT gpa) as distinctGpaAvg, AVG(gpa) as gpaAvg, COUNT(DISTINCT name) as distinctNameCount from studentTable GROUP BY age
----
15 values hashing to 462d22550e77a460ba9de96a9cb4d36b

statement ok
DROP TABLE studentTable

