# Initialize the database and table for testing
statement ok
CREATE TABLE functions1 (int_val INT, double_val DECIMAL, str_i_val VARCHAR(32), str_a_val VARCHAR(32), is_null INT)

statement ok
INSERT INTO functions1(int_val, double_val, str_i_val, str_a_val, is_null) VALUES(123, 12.34, '123456', 'AbCdEf', 0)

statement ok
INSERT INTO functions1(int_val, double_val, str_i_val, str_a_val, is_null) VALUES(NULL, NULL, NULL, NULL, 1)

# Tests usage of trig udf functions
# #744 test
query I nosort
SELECT cos(double_val) AS result FROM functions1 WHERE is_null = 0
----
1 values hashing to f2ec9f8b13a07f120c16def39f4fbbc2

query I nosort
SELECT cos(double_val) AS result FROM functions1 WHERE is_null = 1
----
1 values hashing to 68b329da9893e34099c7d8ad5cb9c940

query I nosort
SELECT sin(double_val) AS result FROM functions1 WHERE is_null = 0
----
1 values hashing to 4aaf19241ee767c1185a7815aef61de7

query I nosort
SELECT sin(double_val) AS result FROM functions1 WHERE is_null = 1
----
1 values hashing to 68b329da9893e34099c7d8ad5cb9c940

query I nosort
SELECT tan(double_val) AS result FROM functions1 WHERE is_null = 0
----
1 values hashing to eb46483c930e203e9e3100f24360bac6

query I nosort
SELECT tan(double_val) AS result FROM functions1 WHERE is_null = 1
----
1 values hashing to 68b329da9893e34099c7d8ad5cb9c940

query I nosort
SELECT cosh(double_val) AS result FROM functions1 WHERE is_null = 0
----
1 values hashing to b15eb5f3481ab5bee2cf375ef65a98b2

query I nosort
SELECT cosh(double_val) AS result FROM functions1 WHERE is_null = 1
----
1 values hashing to 68b329da9893e34099c7d8ad5cb9c940

query I nosort
SELECT sinh(double_val) AS result FROM functions1 WHERE is_null = 0
----
1 values hashing to 830c638d008e5939d1f4884c1a667909

query I nosort
SELECT sinh(double_val) AS result FROM functions1 WHERE is_null = 1
----
1 values hashing to 68b329da9893e34099c7d8ad5cb9c940

query I nosort
SELECT tanh(double_val) AS result FROM functions1 WHERE is_null = 0
----
1 values hashing to ab99c04dd0cc14ddb09d9b5ae68d1fd0

query I nosort
SELECT tanh(double_val) AS result FROM functions1 WHERE is_null = 1
----
1 values hashing to 68b329da9893e34099c7d8ad5cb9c940

SELECT log2(double_val) AS result FROM functions1 WHERE is_null = 0
----
1 values hashing to 79fbd1dc909b6c5a233897815e27b6c9

query I nosort
SELECT log2(double_val) AS result FROM functions1 WHERE is_null = 1
----
1 values hashing to 68b329da9893e34099c7d8ad5cb9c940

query I nosort
SELECT ceil(double_val) AS result FROM functions1 WHERE is_null = 0
----
1 values hashing to 3f3b3dc6a2108ee5d50d684513e03240

query I nosort
SELECT ceil(double_val) AS result FROM functions1 WHERE is_null = 1
----
1 values hashing to 68b329da9893e34099c7d8ad5cb9c940

query I nosort
SELECT floor(double_val) AS result FROM functions1 WHERE is_null = 0
----
1 values hashing to 5deae25d4a07185eb3b5a410b3214e49

query I nosort
SELECT floor(double_val) AS result FROM functions1 WHERE is_null = 1
----
1 values hashing to 68b329da9893e34099c7d8ad5cb9c940

query I nosort
SELECT log10(double_val) AS result FROM functions1 WHERE is_null = 0
----
1 values hashing to b411836a7440f67bcdc0100021b2d948

query I nosort
SELECT log10(double_val) AS result FROM functions1 WHERE is_null = 1
----
1 values hashing to 68b329da9893e34099c7d8ad5cb9c940

query I nosort
SELECT truncate(double_val) AS result FROM functions1 WHERE is_null = 0
----
1 values hashing to 5deae25d4a07185eb3b5a410b3214e49

query I nosort
SELECT truncate(double_val) AS result FROM functions1 WHERE is_null = 1
----
1 values hashing to 68b329da9893e34099c7d8ad5cb9c940

query I nosort
SELECT lower(str_a_val) AS result FROM functions1 WHERE is_null = 0
----
1 values hashing to 5ab557c937e38f15291c04b7e99544ad

query I nosort
SELECT lower(str_a_val) AS result FROM functions1 WHERE is_null = 1
----
1 values hashing to 68b329da9893e34099c7d8ad5cb9c940

statement ok
DROP TABLE functions1
