statement ok
CREATE TABLE functions_trig (a int, b int, c real);

statement ok
INSERT INTO functions_trig VALUES (1,2,0.3),(4,5,-0.6),(7,8,9.0);

# Issue 1167.
query IIR
SELECT a,a+b,sin(c) FROM functions_trig ORDER BY a;
----
1
3
0.295520
4
9
-0.564642
7
15
0.412118

query IR
SELECT a,sin(b+c),tan(a+c) FROM functions_trig ORDER BY a;
----
1
0.745705
3.602103
4
-0.951602
0.264317
7
-0.961397
0.300632

query IR
SELECT a, sin(cos(tan(c+a) + sin(c+b))+c) FROM functions_trig ORDER BY a;
----
1
-0.056528
4
0.172110
7
-0.356711

statement ok
DROP TABLE functions_trig