statement ok
CREATE TABLE functions_trig (a int, b int, c real);

statement ok
INSERT INTO functions_trig VALUES (1,2,0.3),(4,5,-0.6),(7,8,9.0);

# Issue 1167.
query IIR
SELECT a,a+b,sin(c) FROM functions_trig ORDER BY a;
----
1
3
0.295520
4
9
-0.564642
7
15
0.412118

query IR
SELECT a,sin(b+c),tan(a+c) FROM functions_trig ORDER BY a;
1
-0.666276
3.602103
4
-0.307333
0.264317
7
-0.275163
0.300632

# Note that nested functions, for example, abs(abs(0.3)) is broken. So we cannot do much more fancy tests.

statement ok
DROP TABLE functions_trig