statement ok
CREATE TABLE foo (a INT, b INT);

statement ok
INSERT INTO foo VALUES (1, 2);

statement ok
INSERT INTO foo VALUES (1, 3);

statement ok
INSERT INTO foo VALUES (2, 2);

query I rowsort
SELECT a, sum(b) FROM foo GROUP BY a;
----
1
5
2
2

query I rowsort
SELECT a as x, sum(b) FROM foo GROUP BY x;
----
1
5
2
2

statement ok
DROP TABLE foo;
