# 1 tuple insert, with no column specification.
statement ok
CREATE TABLE tbl(c1 INTEGER NOT NULL PRIMARY KEY, c2 INTEGER, c3 INTEGER)

statement ok
INSERT INTO tbl VALUES (1, 2, 3)

query I nosort
SELECT c1, c2, c3 from tbl
----
3 values hashing to c0710d6b4f15dfa88f600b0e6b624077

statement ok
DROP TABLE tbl

# 1 tuple insert, with columns inserted in schema order
statement ok
CREATE TABLE tbl(c1 INTEGER NOT NULL PRIMARY KEY, c2 INTEGER, c3 INTEGER)

statement ok
INSERT INTO tbl (c1, c2, c3) VALUES (1, 2, 3)

query I nosort
SELECT c1, c2, c3 from tbl
----
3 values hashing to c0710d6b4f15dfa88f600b0e6b624077

statement ok
DROP TABLE tbl

# 1 tuple insert, with columns inserted in different order from schema.
# issue #729 wait to be fixed
statement ok
CREATE TABLE tbl(c1 INTEGER NOT NULL PRIMARY KEY, c2 INTEGER, c3 INTEGER)

statement ok
INSERT INTO tbl (c3, c1, c2) VALUES (3, 1, 2)

query I nosort
SELECT c1, c2, c3 from tbl
----
3 values hashing to c0710d6b4f15dfa88f600b0e6b624077

statement ok
DROP TABLE tbl

# 2 tuple insert, with no column specification
statement ok
CREATE TABLE tbl(c1 INTEGER NOT NULL PRIMARY KEY, c2 INTEGER, c3 INTEGER)

statement ok
INSERT INTO tbl VALUES (1, 2, 3), (11, 12, 13)

query I nosort
SELECT c1, c2, c3 from tbl
----
6 values hashing to 2fec777696bc70cae04c3409a40831d4

statement ok
DROP TABLE tbl

# 2 tuple insert, with no column specification, with fewer than
# schema columns
# binding failed, wait to be fixed
statement ok
CREATE TABLE tbl(c1 INTEGER NOT NULL PRIMARY KEY, c2 INTEGER, c3 INTEGER)

statement error
INSERT INTO tbl VALUES (1), (11, 12)

query I nosort
SELECT c1, c2, c3 from tbl
----
0 values hashing to 68b329da9893e34099c7d8ad5cb9c940

statement ok
DROP TABLE tbl

# Test insertion of NULL values.
# Fix #712.
statement ok
CREATE TABLE xxx (col1 INT)

statement ok
INSERT INTO xxx VALUES (NULL)

query I nosort
SELECT * FROM xxx
----
1 values hashing to 68b329da9893e34099c7d8ad5cb9c940

statement ok
DROP TABLE xxx

# CREATE TABLE with a qualified namespace doesn't work as expected
# #706 fixed but also need #724 for select and drop
statement ok
CREATE SCHEMA foo

statement ok
CREATE TABLE foo.bar (id integer)

query I nosort
SELECT * from pg_catalog.pg_class
----
13068 values hashing to c1cd57db27dd75ef8432a9686aa9a39a

statement ok
DROP SCHEMA foo CASCADE

# Invalid Implicit Casting of Integer Strings as Varchars
# #733 fixed
statement ok
CREATE TABLE xxx01 (col0 VARCHAR(32) PRIMARY KEY, col1 VARCHAR(32))

statement ok
INSERT INTO xxx01 VALUES ('0', '1319')

statement ok
INSERT INTO xxx01 VALUES ('1', '21995')

statement ok
INSERT INTO xxx01 VALUES ('2', '28037')

statement ok
INSERT INTO xxx01 VALUES ('3', '26984')

statement ok
INSERT INTO xxx01 VALUES ('4', '2762')

statement ok
INSERT INTO xxx01 VALUES ('5', '31763')

statement ok
INSERT INTO xxx01 VALUES ('6', '20359')

statement ok
INSERT INTO xxx01 VALUES ('7', '26022')

statement ok
INSERT INTO xxx01 VALUES ('8', '364')

statement ok
INSERT INTO xxx01 VALUES ('9', '831')

query I nosort
SELECT * FROM xxx01
----
20 values hashing to b1415826fbeae3cb232c089206a830c0

# Support default value expressions
# #718 fixed
statement ok
CREATE TABLE xxx (id integer, val integer DEFAULT 123)

statement ok
INSERT INTO xxx VALUES (1, DEFAULT)

query I nosort
SELECT * from xxx
----
2 values hashing to 5b3c3ec1c0abea340e732fdbe458d8af

statement ok
DROP TABLE xxx

# Support out of order inserts
# #729 fixed
statement ok
CREATE TABLE xxx (c1 integer, c2 integer, c3 integer)

statement ok
INSERT INTO xxx (c2, c1, c3) VALUES (2, 3, 4)

query I nosort
SELECT * from xxx
----
3 values hashing to 6b2577f6a4e16238e407d7b497d94918

statement ok
DROP TABLE xxx

# Support out of order inserts with defaults
# #718 fixed
statement ok
CREATE TABLE xxx (c1 integer, c2 integer, c3 integer DEFAULT 34)

statement ok
INSERT INTO xxx (c2, c1) VALUES (2, 3)

query I nosort
SELECT * from xxx
----
3 values hashing to 1bc2ed40b960a8e8b2189bce7f6a3bf4

statement ok
DROP TABLE xxx

# Test inserting default expressions that are not INTEGER type.
# #831 BinderSherpa
statement ok
CREATE TABLE xxx (c1 integer, c2 integer, c3 bigint DEFAULT 4398046511104)

statement ok
INSERT INTO xxx (c1, c2) VALUES (1, 2)

query I nosort
SELECT * from xxx
----
3 values hashing to fc894f00a27946cd20b44bacd0dda9bf

statement ok
DROP TABLE xxx

# Test inserting cast expressions for BIGINT and TIMESTAMP.
# #831 BinderSherpa
statement ok
CREATE TABLE xxx (c1 bigint, c2 timestamp)

statement ok
INSERT INTO xxx (c1, c2) VALUES ('123'::bigint, '2020-01-02 12:23:34.56789')

query I nosort
SELECT * from xxx
----
2 values hashing to 4ebe2c72e750edef28f213d56883b8aa

statement ok
DROP TABLE xxx

