statement ok
CREATE TABLE date1 (c1 INTEGER NOT NULL PRIMARY KEY, c2 INTEGER, c3 DATE);

statement ok
INSERT INTO date1 VALUES (1, 2, '1993-07-01');

statement ok
INSERT INTO date1 VALUES (2, 3, '1993-07-01');

statement ok
INSERT INTO date1 VALUES (3, 5, '1993-07-02');

statement ok
INSERT INTO date1 VALUES (4, 1, '1993-07-02');

query I nosort
SELECT c2 from date1 order by c2;
----
1
2
3
5

query I nosort
SELECT c2 as alias_c from date1 order by alias_c;
----
1
2
3
5

query I nosort
SELECT c2 as alias_c, c3 from date1 order by alias_c;
----
1
1993-07-02
2
1993-07-01
3
1993-07-01
5
1993-07-02

query I nosort
SELECT c2 as alias_c, c3 from date1 order by 1;
----
1
1993-07-02
2
1993-07-01
3
1993-07-01
5
1993-07-02

query I nosort
SELECT c2, c3 as alias_c from date1 order by 1;
----
1
1993-07-02
2
1993-07-01
3
1993-07-01
5
1993-07-02

query I nosort
SELECT c2, c3 as alias_c from date1 order by 2, 1;
----
2
1993-07-01
3
1993-07-01
1
1993-07-02
5
1993-07-02

query I nosort
SELECT c2, c3 as alias_c from date1 order by alias_c, c2;
----
2
1993-07-01
3
1993-07-01
1
1993-07-02
5
1993-07-02

query I nosort
SELECT sum(c2) as alias_c from date1 group by c3 order by alias_c;
----
5
6

query I nosort
SELECT sum(c2) from date1 group by c3 order by 1;
----
5
6

query II nosort
SELECT sum(c2), min(c2) as c2_min from date1 group by c3 order by c2_min;
----
6
1
5
2

query III nosort
SELECT sum(c2), min(c2), max(c2) from date1 group by c3 order by 3;
----
5
2
3
6
1
5

query III nosort
SELECT sum(c2+1), min(c2-1), max(c2*c2) from date1 group by c3 order by 3;
----
7
1
9
8
0
25

query III nosort
SELECT sum(c2+1) AS s, min(c2-1) AS m, max(c2*c2) AS x from date1 group by c3 order by 3 DESC;
----
8
0
25
7
1
9

statement ok
DROP TABLE date1;
